股票代码,简称,1,2,3,4,5,6,7,8,9,10
600000,浦发银行,"","","","","","","","","",""
600001,邯郸钢铁,"","","","","","","","","",""
600002,齐鲁退市,"","","","","","","","","",""
600003,ST东北高,"","","","","","","","","",""
600004,白云机场,"","","","","","","","","",""
600005,武钢股份,"","","","","","","","","",""
600006,东风汽车,"","","","","","","","","",""
600007,中国国贸,"","","","","","","","","",""
600008,首创股份,"","","","","","","","","",""
600009,上海机场,"","","","","","","","","",""
600010,包钢股份,"","","","","","","","","",""
600011,华能国际,"","","","","","","","","",""
600012,皖通高速,"","","","","","","","","",""
600015,华夏银行,"","","","","","","","","",""
600016,民生银行,"","","","","","","","","",""
600017,日照港,"","","","","","","","","",""
600018,上港集团,"","","","","","","","","",""
600019,宝钢股份,"","","","","","","","","",""
600020,中原高速,"","","","","","","","","",""
600021,上海电力,"","","","","","","","","",""
600022,山东钢铁,"","","","","","","","","",""
600026,中海发展,"","","","","","","","","",""
600027,华电国际,"","","","","","","","","",""
600028,中国石化,"","","","","","","","","",""
600029,南方航空,"","","","","","","","","",""
600030,中信证券,"","","","","","","","","",""
600031,三一重工,"","","","","","","","","",""
600033,福建高速,"","","","","","","","","",""
600035,楚天高速,"","","","","","","","","",""
600036,招商银行,"","","","","","","","","",""
600037,歌华有线,"","","","","","","","","",""
600038,哈飞股份,"","","","","","","","","",""
600039,四川路桥,"","","","","","","","","",""
600048,保利地产,"","","","","","","","","",""
600050,中国联通,"","","","","","","","","",""
600051,宁波联合,"","","","","","","","","",""
600052,浙江广厦,"","","","","","","","","",""
600053,中江地产,"","","","","","","","","",""
600054,黄山旅游,"","","","","","","","","",""
600055,华润万东,"","","","","","","","","",""
600056,中国医药,"","","","","","","","","",""
600057,象屿股份,"","","","","","","","","",""
600058,五矿发展,"","","","","","","","","",""
600059,古越龙山,"","","","","","","","","",""
600060,海信电器,"","","","","","","","","",""
600061,中纺投资,"","","","","","","","","",""
600062,华润双鹤,"","","","","","","","","",""
600063,皖维高新,"","","","","","","","","",""
600064,南京高科,"","","","","","","","","",""
600065,*ST联谊,"","","","","","","","","",""
600066,宇通客车,"","","","","","","","","",""
600067,冠城大通,"","","","","","","","","",""
600068,葛洲坝,"","","","","","","","","",""
600069,银鸽投资,"","","","","","","","","",""
600070,浙江富润,"","","","","","","","","",""
600071,凤凰光学,"","","","","","","","","",""
600072,中船股份,"","","","","","","","","",""
600073,上海梅林,"","","","","","","","","",""
600074,*ST中达,"","","","","","","","","",""
600075,新疆天业,"","","","","","","","","",""
600076,青鸟华光,"","","","","","","","","",""
600077,宋都股份,"","","","","","","","","",""
600078,澄星股份,"","","","","","","","","",""
600079,人福医药,"","","","","","","","","",""
600080,金花股份,"","","","","","","","","",""
600081,东风科技,"","","","","","","","","",""
600082,海泰发展,"","","","","","","","","",""
600083,博信股份,"","","","","","","","","",""
600084,中葡股份,"","","","","","","","","",""
600085,同仁堂,"","","","","","","","","",""
600086,东方金钰,"","","","","","","","","",""
600087,*ST长油,"","","","","","","","","",""
600088,中视传媒,"","","","","","","","","",""
600089,特变电工,"","","","","","","","","",""
600090,啤酒花,"","","","","","","","","",""
600091,ST明科,"","","","","","","","","",""
600092,S*ST精密,"","","","","","","","","",""
600093,禾嘉股份,"","","","","","","","","",""
600094,大名城,"","","","","","","","","",""
600095,哈高科,"","","","","","","","","",""
600096,云天化,"","","","","","","","","",""
600097,开创国际,"","","","","","","","","",""
600098,广州发展,"","","","","","","","","",""
600099,林海股份,"","","","","","","","","",""
600100,同方股份,"","","","","","","","","",""
600101,明星电力,"","","","","","","","","",""
600102,莱钢股份,"","","","","","","","","",""
600103,青山纸业,"","","","","","","","","",""
600104,上汽集团,"","","","","","","","","",""
600105,永鼎股份,"","","","","","","","","",""
600106,重庆路桥,"","","","","","","","","",""
600107,美尔雅,"","","","","","","","","",""
600108,亚盛集团,"","","","","","","","","",""
600109,国金证券,"","","","","","","","","",""
600110,中科英华,"","","","","","","","","",""
600111,包钢稀土,"","","","","","","","","",""
600112,长征电气,"","","","","","","","","",""
600113,浙江东日,"","","","","","","","","",""
600114,东睦股份,"","","","","","","","","",""
600115,东方航空,"","","","","","","","","",""
600116,三峡水利,"","","","","","","","","",""
600117,西宁特钢,"","","","","","","","","",""
600118,中国卫星,"","","","","","","","","",""
600119,长江投资,"","","","","","","","","",""
600120,浙江东方,"","","","","","","","","",""
600121,郑州煤电,"","","","","","","","","",""
600122,宏图高科,"","","","","","","","","",""
600123,兰花科创,"","","","","","","","","",""
600125,铁龙物流,"","","","","","","","","",""
600126,杭钢股份,"","","","","","","","","",""
600127,金健米业,"","","","","","","","","",""
600128,弘业股份,"","","","","","","","","",""
600129,太极集团,"","","","","","","","","",""
600130,波导股份,"","","","","","","","","",""
600131,岷江水电,"","","","","","","","","",""
600132,重庆啤酒,"","","","","","","","","",""
600133,东湖高新,"","","","","","","","","",""
600135,乐凯胶片,"","","","","","","","","",""
600136,道博股份,"","","","","","","","","",""
600137,浪莎股份,"","","","","","","","","",""
600138,中青旅,"","","","","","","","","",""
600139,西部资源,"","","","","","","","","",""
600141,兴发集团,"","","","","","","","","",""
600143,金发科技,"","","","","","","","","",""
600145,国创能源,"","","","","","","","","",""
600146,大元股份,"","","","","","","","","",""
600148,长春一东,"","","","","","","","","",""
600149,廊坊发展,"","","","","","","","","",""
600150,中国船舶,"","","","","","","","","",""
600151,航天机电,"","","","","","","","","",""
600152,维科精华,"","","","","","","","","",""
600153,建发股份,"","","","","","","","","",""
600155,*ST宝硕,"","","","","","","","","",""
600156,华升股份,"","","","","","","","","",""
600157,永泰能源,"","","","","","","","","",""
600158,中体产业,"","","","","","","","","",""
600159,大龙地产,"","","","","","","","","",""
600160,巨化股份,"","","","","","","","","",""
600161,天坛生物,"","","","","","","","","",""
600162,香江控股,"","","","","","","","","",""
600163,福建南纸,"","","","","","","","","",""
600165,新日恒力,"","","","","","","","","",""
600166,福田汽车,"","","","","","","","","",""
600167,联美控股,"","","","","","","","","",""
600168,武汉控股,"","","","","","","","","",""
600169,太原重工,"","","","","","","","","",""
600170,上海建工,"","","","","","","","","",""
600171,上海贝岭,"","","","","","","","","",""
600172,黄河旋风,"","","","","","","","","",""
600173,卧龙地产,"","","","","","","","","",""
600175,美都控股,"","","","","","","","","",""
600176,中国玻纤,"","","","","","","","","",""
600177,雅戈尔,"","","","","","","","","",""
600178,东安动力,"","","","","","","","","",""
600179,黑化股份,"","","","","","","","","",""
600180,瑞茂通,"","","","","","","","","",""
600181,S*ST云大,"","","","","","","","","",""
600182,S佳通,"","","","","","","","","",""
600183,生益科技,"","","","","","","","","",""
600184,光电股份,"","","","","","","","","",""
600185,格力地产,"","","","","","","","","",""
600186,莲花味精,"","","","","","","","","",""
600187,国中水务,"","","","","","","","","",""
600188,兖州煤业,"","","","","","","","","",""
600189,吉林森工,"","","","","","","","","",""
600190,锦州港,"","","","","","","","","",""
600191,华资实业,"","","","","","","","","",""
600192,长城电工,"","","","","","","","","",""
600193,创兴资源,"","","","","","","","","",""
600195,中牧股份,"","","","","","","","","",""
600196,复星医药,"","","","","","","","","",""
600197,伊力特,"","","","","","","","","",""
600198,大唐电信,"","","","","","","","","",""
600199,金种子酒,"","","","","","","","","",""
600200,江苏吴中,"","","","","","","","","",""
600201,金宇集团,"","","","","","","","","",""
600202,哈空调,"","","","","","","","","",""
600203,福日电子,"","","","","","","","","",""
600205,S山东铝,"","","","","","","","","",""
600206,有研硅股,"","","","","","","","","",""
600207,安彩高科,"","","","","","","","","",""
600208,新湖中宝,"","","","","","","","","",""
600209,罗顿发展,"","","","","","","","","",""
600210,紫江企业,"","","","","","","","","",""
600211,西藏药业,"","","","","","","","","",""
600212,江泉实业,"","","","","","","","","",""
600213,亚星客车,"","","","","","","","","",""
600215,长春经开,"","","","","","","","","",""
600216,浙江医药,"","","","","","","","","",""
600217,秦岭水泥,"","","","","","","","","",""
600218,全柴动力,"","","","","","","","","",""
600219,南山铝业,"","","","","","","","","",""
600220,江苏阳光,"","","","","","","","","",""
600221,海南航空,"","","","","","","","","",""
600222,太龙药业,"","","","","","","","","",""
600223,鲁商置业,"","","","","","","","","",""
600225,天津松江,"","","","","","","","","",""
600226,升华拜克,"","","","","","","","","",""
600227,赤天化,"","","","","","","","","",""
600228,昌九生化,"","","","","","","","","",""
600229,青岛碱业,"","","","","","","","","",""
600230,沧州大化,"","","","","","","","","",""
600231,凌钢股份,"","","","","","","","","",""
600232,金鹰股份,"","","","","","","","","",""
600233,大杨创世,"","","","","","","","","",""
600234,*ST天龙,"","","","","","","","","",""
600235,民丰特纸,"","","","","","","","","",""
600236,桂冠电力,"","","","","","","","","",""
600237,铜峰电子,"","","","","","","","","",""
600238,海南椰岛,"","","","","","","","","",""
600239,云南城投,"","","","","","","","","",""
600240,华业地产,"","","","","","","","","",""
600241,时代万恒,"","","","","","","","","",""
600242,中昌海运,"","","","","","","","","",""
600243,青海华鼎,"","","","","","","","","",""
600246,万通地产,"","","","","","","","","",""
600247,成城股份,"","","","","","","","","",""
600248,延长化建,"","","","","","","","","",""
600249,两面针,"","","","","","","","","",""
600250,南纺股份,"","","","","","","","","",""
600251,冠农股份,"","","","","","","","","",""
600252,中恒集团,"","","","","","","","","",""
600253,天方药业,"","","","","","","","","",""
600255,鑫科材料,"","","","","","","","","",""
600256,广汇能源,"","","","","","","","","",""
600257,大湖股份,"","","","","","","","","",""
600258,首旅酒店,"","","","","","","","","",""
600259,广晟有色,"","","","","","","","","",""
600260,凯乐科技,"","","","","","","","","",""
600261,阳光照明,"","","","","","","","","",""
600262,北方股份,"","","","","","","","","",""
600263,路桥建设,"","","","","","","","","",""
600265,*ST景谷,"","","","","","","","","",""
600266,北京城建,"","","","","","","","","",""
600267,海正药业,"","","","","","","","","",""
600268,国电南自,"","","","","","","","","",""
600269,赣粤高速,"","","","","","","","","",""
600270,外运发展,"","","","","","","","","",""
600271,航天信息,"","","","","","","","","",""
600272,开开实业,"","","","","","","","","",""
600273,华芳纺织,"","","","","","","","","",""
600275,武昌鱼,"","","","","","","","","",""
600276,恒瑞医药,"","","","","","","","","",""
600277,亿利能源,"","","","","","","","","",""
600278,东方创业,"","","","","","","","","",""
600279,重庆港九,"","","","","","","","","",""
600280,中央商场,"","","","","","","","","",""
600281,太化股份,"","","","","","","","","",""
600282,南钢股份,"","","","","","","","","",""
600283,钱江水利,"","","","","","","","","",""
600284,浦东建设,"","","","","","","","","",""
600285,羚锐制药,"","","","","","","","","",""
600286,S*ST国瓷,"","","","","","","","","",""
600287,江苏舜天,"","","","","","","","","",""
600288,大恒科技,"","","","","","","","","",""
600289,亿阳信通,"","","","","","","","","",""
600290,华仪电气,"","","","","","","","","",""
600291,西水股份,"","","","","","","","","",""
600292,中电远达,"","","","","","","","","",""
600293,三峡新材,"","","","","","","","","",""
600295,鄂尔多斯,"","","","","","","","","",""
600296,S兰铝,"","","","","","","","","",""
600297,美罗药业,"","","","","","","","","",""
600298,安琪酵母,"","","","","","","","","",""
600299,蓝星新材,"","","","","","","","","",""
600300,维维股份,"","","","","","","","","",""
600301,*ST南化,"","","","","","","","","",""
600302,标准股份,"","","","","","","","","",""
600303,曙光股份,"","","","","","","","","",""
600305,恒顺醋业,"","","","","","","","","",""
600306,商业城,"","","","","","","","","",""
600307,酒钢宏兴,"","","","","","","","","",""
600308,华泰股份,"","","","","","","","","",""
600309,万华化学,"","","","","","","","","",""
600310,桂东电力,"","","","","","","","","",""
600311,荣华实业,"","","","","","","","","",""
600312,平高电气,"","","","","","","","","",""
600313,中农资源,"","","","","","","","","",""
600315,上海家化,"","","","","","","","","",""
600316,洪都航空,"","","","","","","","","",""
600317,营口港,"","","","","","","","","",""
600318,巢东股份,"","","","","","","","","",""
600319,*ST亚星,"","","","","","","","","",""
600320,振华重工,"","","","","","","","","",""
600321,国栋建设,"","","","","","","","","",""
600322,天房发展,"","","","","","","","","",""
600323,南海发展,"","","","","","","","","",""
600325,华发股份,"","","","","","","","","",""
600326,西藏天路,"","","","","","","","","",""
600327,大东方,"","","","","","","","","",""
600328,兰太实业,"","","","","","","","","",""
600329,中新药业,"","","","","","","","","",""
600330,天通股份,"","","","","","","","","",""
600331,宏达股份,"","","","","","","","","",""
600332,白云山,"","","","","","","","","",""
600333,长春燃气,"","","","","","","","","",""
600335,国机汽车,"","","","","","","","","",""
600336,澳柯玛,"","","","","","","","","",""
600337,美克股份,"","","","","","","","","",""
600338,西藏珠峰,"","","","","","","","","",""
600339,天利高新,"","","","","","","","","",""
600340,华夏幸福,"","","","","","","","","",""
600343,航天动力,"","","","","","","","","",""
600345,长江通信,"","","","","","","","","",""
600346,大橡塑,"","","","","","","","","",""
600348,阳泉煤业,"","","","","","","","","",""
600350,山东高速,"","","","","","","","","",""
600351,亚宝药业,"","","","","","","","","",""
600352,浙江龙盛,"","","","","","","","","",""
600353,旭光股份,"","","","","","","","","",""
600354,敦煌种业,"","","","","","","","","",""
600355,精伦电子,"","","","","","","","","",""
600356,恒丰纸业,"","","","","","","","","",""
600357,承德钒钛,"","","","","","","","","",""
600358,*ST联合,"","","","","","","","","",""
600359,新农开发,"","","","","","","","","",""
600360,华微电子,"","","","","","","","","",""
600361,华联综超,"","","","","","","","","",""
600362,江西铜业,"","","","","","","","","",""
600363,联创光电,"","","","","","","","","",""
600365,通葡股份,"","","","","","","","","",""
600366,宁波韵升,"","","","","","","","","",""
600367,红星发展,"","","","","","","","","",""
600368,五洲交通,"","","","","","","","","",""
600369,西南证券,"","","","","","","","","",""
600370,三房巷,"","","","","","","","","",""
600371,万向德农,"","","","","","","","","",""
600372,中航电子,"","","","","","","","","",""
600373,中文传媒,"","","","","","","","","",""
600375,华菱星马,"","","","","","","","","",""
600376,首开股份,"","","","","","","","","",""
600377,宁沪高速,"","","","","","","","","",""
600378,天科股份,"","","","","","","","","",""
600379,宝光股份,"","","","","","","","","",""
600380,健康元,"","","","","","","","","",""
600381,*ST贤成,"","","","","","","","","",""
600382,广东明珠,"","","","","","","","","",""
600383,金地集团,"","","","","","","","","",""
600385,*ST金泰,"","","","","","","","","",""
600386,北巴传媒,"","","","","","","","","",""
600387,海越股份,"","","","","","","","","",""
600388,龙净环保,"","","","","","","","","",""
600389,江山股份,"","","","","","","","","",""
600390,金瑞科技,"","","","","","","","","",""
600391,成发科技,"","","","","","","","","",""
600392,盛和资源,"","","","","","","","","",""
600393,东华实业,"","","","","","","","","",""
600395,盘江股份,"","","","","","","","","",""
600396,金山股份,"","","","","","","","","",""
600397,安源煤业,"","","","","","","","","",""
600398,凯诺科技,"","","","","","","","","",""
600399,抚顺特钢,"","","","","","","","","",""
600400,红豆股份,"","","","","","","","","",""
600401,海润光伏,"","","","","","","","","",""
600403,大有能源,"","","","","","","","","",""
600405,动力源,"","","","","","","","","",""
600406,国电南瑞,"","","","","","","","","",""
600408,安泰集团,"","","","","","","","","",""
600409,三友化工,"","","","","","","","","",""
600410,华胜天成,"","","","","","","","","",""
600415,小商品城,"","","","","","","","","",""
600416,湘电股份,"","","","","","","","","",""
600418,江淮汽车,"","","","","","","","","",""
600419,新疆天宏,"","","","","","","","","",""
600420,现代制药,"","","","","","","","","",""
600421,*ST国药,"","","","","","","","","",""
600422,昆明制药,"","","","","","","","","",""
600423,柳化股份,"","","","","","","","","",""
600425,青松建化,"","","","","","","","","",""
600426,华鲁恒升,"","","","","","","","","",""
600428,中远航运,"","","","","","","","","",""
600429,三元股份,"","","","","","","","","",""
600432,吉恩镍业,"","","","","","","","","",""
600433,冠豪高新,"","","","","","","","","",""
600435,北方导航,"","","","","","","","","",""
600436,片仔癀,"","","","","","","","","",""
600438,通威股份,"","","","","","","","","",""
600439,瑞贝卡,"","","","","","","","","",""
600444,*ST国通,"","","","","","","","","",""
600446,金证股份,"","","","","","","","","",""
600448,华纺股份,"","","","","","","","","",""
600449,宁夏建材,"","","","","","","","","",""
600452,涪陵电力,"","","","","","","","","",""
600455,博通股份,"","","","","","","","","",""
600456,宝钛股份,"","","","","","","","","",""
600458,时代新材,"","","","","","","","","",""
600459,贵研铂业,"","","","","","","","","",""
600460,士兰微,"","","","","","","","","",""
600461,洪城水业,"","","","","","","","","",""
600462,石岘纸业,"","","","","","","","","",""
600463,空港股份,"","","","","","","","","",""
600466,迪康药业,"","","","","","","","","",""
600467,好当家,"","","","","","","","","",""
600468,百利电气,"","","","","","","","","",""
600469,风神股份,"","","","","","","","","",""
600470,六国化工,"","","","","","","","","",""
600472,包头铝业,"","","","","","","","","",""
600475,华光股份,"","","","","","","","","",""
600476,湘邮科技,"","","","","","","","","",""
600477,杭萧钢构,"","","","","","","","","",""
600478,科力远,"","","","","","","","","",""
600479,千金药业,"","","","","","","","","",""
600480,凌云股份,"","","","","","","","","",""
600481,双良节能,"","","","","","","","","",""
600482,风帆股份,"","","","","","","","","",""
600483,福建南纺,"","","","","","","","","",""
600485,中创信测,"","","","","","","","","",""
600486,扬农化工,"","","","","","","","","",""
600487,亨通光电,"","","","","","","","","",""
600488,天药股份,"","","","","","","","","",""
600489,中金黄金,"","","","","","","","","",""
600490,鹏欣资源,"","","","","","","","","",""
600491,龙元建设,"","","","","","","","","",""
600493,凤竹纺织,"","","","","","","","","",""
600495,晋西车轴,"","","","","","","","","",""
600496,精工钢构,"","","","","","","","","",""
600497,驰宏锌锗,"","","","","","","","","",""
600498,烽火通信,"","","","","","","","","",""
600499,科达机电,"","","","","","","","","",""
600500,中化国际,"","","","","","","","","",""
600501,航天晨光,"","","","","","","","","",""
600502,安徽水利,"","","","","","","","","",""
600503,华丽家族,"","","","","","","","","",""
600505,西昌电力,"","","","","","","","","",""
600506,香梨股份,"","","","","","","","","",""
600507,方大特钢,"","","","","","","","","",""
600508,上海能源,"","","","","","","","","",""
600509,天富热电,"","","","","","","","","",""
600510,黑牡丹,"","","","","","","","","",""
600511,国药股份,"","","","","","","","","",""
600512,腾达建设,"","","","","","","","","",""
600513,联环药业,"","","","","","","","","",""
600515,海岛建设,"","","","","","","","","",""
600516,方大炭素,"","","","","","","","","",""
600517,置信电气,"","","","","","","","","",""
600518,康美药业,"","","","","","","","","",""
600519,贵州茅台,"","","","","","","","","",""
600520,中发科技,"","","","","","","","","",""
600521,华海药业,"","","","","","","","","",""
600522,中天科技,"","","","","","","","","",""
600523,贵航股份,"","","","","","","","","",""
600525,长园集团,"","","","","","","","","",""
600526,菲达环保,"","","","","","","","","",""
600527,江南高纤,"","","","","","","","","",""
600528,中铁二局,"","","","","","","","","",""
600529,山东药玻,"","","","","","","","","",""
600530,交大昂立,"","","","","","","","","",""
600531,豫光金铅,"","","","","","","","","",""
600532,宏达矿业,"","","","","","","","","",""
600533,栖霞建设,"","","","","","","","","",""
600535,天士力,"","","","","","","","","",""
600536,中国软件,"","","","","","","","","",""
600537,亿晶光电,"","","","","","","","","",""
600538,*ST国发,"","","","","","","","","",""
600539,ST狮头,"","","","","","","","","",""
600540,新赛股份,"","","","","","","","","",""
600543,莫高股份,"","","","","","","","","",""
600545,新疆城建,"","","","","","","","","",""
600546,山煤国际,"","","","","","","","","",""
600547,山东黄金,"","","","","","","","","",""
600548,深高速,"","","","","","","","","",""
600549,厦门钨业,"","","","","","","","","",""
600550,天威保变,"","","","","","","","","",""
600551,时代出版,"","","","","","","","","",""
600552,方兴科技,"","","","","","","","","",""
600553,太行水泥,"","","","","","","","","",""
600555,*ST九龙,"","","","","","","","","",""
600556,*ST北生,"","","","","","","","","",""
600557,康缘药业,"","","","","","","","","",""
600558,大西洋,"","","","","","","","","",""
600559,老白干酒,"","","","","","","","","",""
600560,金自天正,"","","","","","","","","",""
600561,江西长运,"","","","","","","","","",""
600562,国睿科技,"","","","","","","","","",""
600563,法拉电子,"","","","","","","","","",""
600565,迪马股份,"","","","","","","","","",""
600566,洪城股份,"","","","","","","","","",""
600567,山鹰纸业,"","","","","","","","","",""
600568,中珠控股,"","","","","","","","","",""
600569,安阳钢铁,"","","","","","","","","",""
600570,恒生电子,"","","","","","","","","",""
600571,信雅达,"","","","","","","","","",""
600572,康恩贝,"","","","","","","","","",""
600573,惠泉啤酒,"","","","","","","","","",""
600575,芜湖港,"","","","","","","","","",""
600576,万好万家,"","","","","","","","","",""
600577,精达股份,"","","","","","","","","",""
600578,京能电力,"","","","","","","","","",""
600579,*ST黄海,"","","","","","","","","",""
600580,卧龙电气,"","","","","","","","","",""
600581,八一钢铁,"","","","","","","","","",""
600582,天地科技,"","","","","","","","","",""
600583,海油工程,"","","","","","","","","",""
600584,长电科技,"","","","","","","","","",""
600585,海螺水泥,"","","","","","","","","",""
600586,金晶科技,"","","","","","","","","",""
600587,新华医疗,"","","","","","","","","",""
600588,用友软件,"","","","","","","","","",""
600589,广东榕泰,"","","","","","","","","",""
600590,泰豪科技,"","","","","","","","","",""
600591,*ST上航,"","","","","","","","","",""
600592,龙溪股份,"","","","","","","","","",""
600593,大连圣亚,"","","","","","","","","",""
600594,益佰制药,"","","","","","","","","",""
600595,中孚实业,"","","","","","","","","",""
600596,新安股份,"","","","","","","","","",""
600597,光明乳业,"","","","","","","","","",""
600598,北大荒,"","","","","","","","","",""
600599,熊猫烟花,"","","","","","","","","",""
600600,青岛啤酒,"","","","","","","","","",""
600601,方正科技,"","","","","","","","","",""
600602,仪电电子,"","","","","","","","","",""
600603,*ST兴业,"","","","","","","","","",""
600604,市北高新,"","","","","","","","","",""
600605,汇通能源,"","","","","","","","","",""
600606,金丰投资,"","","","","","","","","",""
600607,上实医药,"","","","","","","","","",""
600608,上海科技,"","","","","","","","","",""
600609,金杯汽车,"","","","","","","","","",""
600610,S中纺机,"","","","","","","","","",""
600611,大众交通,"","","","","","","","","",""
600612,老凤祥,"","","","","","","","","",""
600613,神奇制药,"","","","","","","","","",""
600614,鼎立股份,"","","","","","","","","",""
600615,丰华股份,"","","","","","","","","",""
600616,金枫酒业,"","","","","","","","","",""
600617,*ST联华,"","","","","","","","","",""
600618,氯碱化工,"","","","","","","","","",""
600619,海立股份,"","","","","","","","","",""
600620,天宸股份,"","","","","","","","","",""
600621,华鑫股份,"","","","","","","","","",""
600622,嘉宝集团,"","","","","","","","","",""
600623,双钱股份,"","","","","","","","","",""
600624,复旦复华,"","","","","","","","","",""
600625,PT水仙,"","","","","","","","","",""
600626,申达股份,"","","","","","","","","",""
600627,上电股份,"","","","","","","","","",""
600628,新世界,"","","","","","","","","",""
600629,棱光实业,"","","","","","","","","",""
600630,龙头股份,"","","","","","","","","",""
600631,百联股份,"","","","","","","","","",""
600632,华联商厦,"","","","","","","","","",""
600633,浙报传媒,"","","","","","","","","",""
600634,ST澄海,"","","","","","","","","",""
600635,大众公用,"","","","","","","","","",""
600636,三爱富,"","","","","","","","","",""
600637,百视通,"","","","","","","","","",""
600638,新黄浦,"","","","","","","","","",""
600639,浦东金桥,"","","","","","","","","",""
600640,号百控股,"","","","","","","","","",""
600641,万业企业,"","","","","","","","","",""
600642,申能股份,"","","","","","","","","",""
600643,爱建股份,"","","","","","","","","",""
600644,乐山电力,"","","","","","","","","",""
600645,中源协和,"","","","","","","","","",""
600646,ST国嘉,"","","","","","","","","",""
600647,同达创业,"","","","","","","","","",""
600648,外高桥,"","","","","","","","","",""
600649,城投控股,"","","","","","","","","",""
600650,锦江投资,"","","","","","","","","",""
600651,飞乐音响,"","","","","","","","","",""
600652,爱使股份,"","","","","","","","","",""
600653,申华控股,"","","","","","","","","",""
600654,飞乐股份,"","","","","","","","","",""
600655,豫园商城,"","","","","","","","","",""
600656,博元投资,"","","","","","","","","",""
600657,信达地产,"","","","","","","","","",""
600658,电子城,"","","","","","","","","",""
600659,*ST花雕,"","","","","","","","","",""
600660,福耀玻璃,"","","","","","","","","",""
600661,新南洋,"","","","","","","","","",""
600662,强生控股,"","","","","","","","","",""
600663,陆家嘴,"","","","","","","","","",""
600664,哈药股份,"","","","","","","","","",""
600665,天地源,"","","","","","","","","",""
600666,西南药业,"","","","","","","","","",""
600667,太极实业,"","","","","","","","","",""
600668,尖峰集团,"","","","","","","","","",""
600669,*ST鞍成,"","","","","","","","","",""
600670,*ST斯达,"","","","","","","","","",""
600671,天目药业,"","","","","","","","","",""
600672,*ST华圣,"","","","","","","","","",""
600673,东阳光铝,"","","","","","","","","",""
600674,川投能源,"","","","","","","","","",""
600675,中华企业,"","","","","","","","","",""
600676,交运股份,"","","","","","","","","",""
600677,航天通信,"","","","","","","","","",""
600678,四川金顶,"","","","","","","","","",""
600679,金山开发,"","","","","","","","","",""
600680,上海普天,"","","","","","","","","",""
600681,万鸿集团,"","","","","","","","","",""
600682,南京新百,"","","","","","","","","",""
600683,京投银泰,"","","","","","","","","",""
600684,珠江实业,"","","","","","","","","",""
600685,广船国际,"","","","","","","","","",""
600686,金龙汽车,"","","","","","","","","",""
600687,刚泰控股,"","","","","","","","","",""
600688,上海石化,"","","","","","","","","",""
600689,上海三毛,"","","","","","","","","",""
600690,青岛海尔,"","","","","","","","","",""
600691,阳煤化工,"","","","","","","","","",""
600692,亚通股份,"","","","","","","","","",""
600693,东百集团,"","","","","","","","","",""
600694,大商股份,"","","","","","","","","",""
600695,大江股份,"","","","","","","","","",""
600696,多伦股份,"","","","","","","","","",""
600697,欧亚集团,"","","","","","","","","",""
600698,ST轻骑,"","","","","","","","","",""
600699,均胜电子,"","","","","","","","","",""
600700,*ST数码,"","","","","","","","","",""
600701,工大高新,"","","","","","","","","",""
600702,沱牌舍得,"","","","","","","","","",""
600703,三安光电,"","","","","","","","","",""
600704,物产中大,"","","","","","","","","",""
600705,中航投资,"","","","","","","","","",""
600706,曲江文旅,"","","","","","","","","",""
600707,*ST彩虹,"","","","","","","","","",""
600708,海博股份,"","","","","","","","","",""
600709,ST生态,"","","","","","","","","",""
600710,常林股份,"","","","","","","","","",""
600711,盛屯矿业,"","","","","","","","","",""
600712,南宁百货,"","","","","","","","","",""
600713,南京医药,"","","","","","","","","",""
600714,金瑞矿业,"","","","","","","","","",""
600715,松辽汽车,"","","","","","","","","",""
600716,凤凰股份,"","","","","","","","","",""
600717,天津港,"","","","","","","","","",""
600718,东软集团,"","","","","","","","","",""
600719,大连热电,"","","","","","","","","",""
600720,祁连山,"","","","","","","","","",""
600721,百花村,"","","","","","","","","",""
600722,金牛化工,"","","","","","","","","",""
600723,首商股份,"","","","","","","","","",""
600724,宁波富达,"","","","","","","","","",""
600725,云维股份,"","","","","","","","","",""
600726,华电能源,"","","","","","","","","",""
600727,鲁北化工,"","","","","","","","","",""
600728,佳都新太,"","","","","","","","","",""
600729,重庆百货,"","","","","","","","","",""
600730,中国高科,"","","","","","","","","",""
600731,湖南海利,"","","","","","","","","",""
600732,上海新梅,"","","","","","","","","",""
600733,S前锋,"","","","","","","","","",""
600734,实达集团,"","","","","","","","","",""
600735,新华锦,"","","","","","","","","",""
600736,苏州高新,"","","","","","","","","",""
600737,中粮屯河,"","","","","","","","","",""
600738,兰州民百,"","","","","","","","","",""
600739,辽宁成大,"","","","","","","","","",""
600740,山西焦化,"","","","","","","","","",""
600741,华域汽车,"","","","","","","","","",""
600742,一汽富维,"","","","","","","","","",""
600743,华远地产,"","","","","","","","","",""
600744,华银电力,"","","","","","","","","",""
600745,中茵股份,"","","","","","","","","",""
600746,江苏索普,"","","","","","","","","",""
600747,大连控股,"","","","","","","","","",""
600748,上实发展,"","","","","","","","","",""
600749,西藏旅游,"","","","","","","","","",""
600750,江中药业,"","","","","","","","","",""
600751,天津海运,"","","","","","","","","",""
600752,*ST哈慈,"","","","","","","","","",""
600753,东方银星,"","","","","","","","","",""
600754,锦江股份,"","","","","","","","","",""
600755,厦门国贸,"","","","","","","","","",""
600756,浪潮软件,"","","","","","","","","",""
600757,长江传媒,"","","","","","","","","",""
600758,红阳能源,"","","","","","","","","",""
600759,正和股份,"","","","","","","","","",""
600760,*ST黑豹,"","","","","","","","","",""
600761,安徽合力,"","","","","","","","","",""
600762,S*ST金荔,"","","","","","","","","",""
600763,通策医疗,"","","","","","","","","",""
600764,中电广通,"","","","","","","","","",""
600765,中航重机,"","","","","","","","","",""
600766,园城黄金,"","","","","","","","","",""
600767,运盛实业,"","","","","","","","","",""
600768,宁波富邦,"","","","","","","","","",""
600769,*ST祥龙,"","","","","","","","","",""
600770,综艺股份,"","","","","","","","","",""
600771,广誉远,"","","","","","","","","",""
600772,S*ST龙昌,"","","","","","","","","",""
600773,西藏城投,"","","","","","","","","",""
600774,汉商集团,"","","","","","","","","",""
600775,南京熊猫,"","","","","","","","","",""
600776,东方通信,"","","","","","","","","",""
600777,新潮实业,"","","","","","","","","",""
600778,友好集团,"","","","","","","","","",""
600779,水井坊,"","","","","","","","","",""
600780,通宝能源,"","","","","","","","","",""
600781,上海辅仁,"","","","","","","","","",""
600782,新钢股份,"","","","","","","","","",""
600783,鲁信创投,"","","","","","","","","",""
600784,鲁银投资,"","","","","","","","","",""
600785,新华百货,"","","","","","","","","",""
600786,东锅退市,"","","","","","","","","",""
600787,中储股份,"","","","","","","","","",""
600788,*ST达曼,"","","","","","","","","",""
600789,鲁抗医药,"","","","","","","","","",""
600790,轻纺城,"","","","","","","","","",""
600791,京能置业,"","","","","","","","","",""
600792,云煤能源,"","","","","","","","","",""
600793,ST宜纸,"","","","","","","","","",""
600794,保税科技,"","","","","","","","","",""
600795,国电电力,"","","","","","","","","",""
600796,钱江生化,"","","","","","","","","",""
600797,浙大网新,"","","","","","","","","",""
600798,宁波海运,"","","","","","","","","",""
600799,*ST龙科,"","","","","","","","","",""
600800,天津磁卡,"","","","","","","","","",""
600801,华新水泥,"","","","","","","","","",""
600802,福建水泥,"","","","","","","","","",""
600803,威远生化,"","","","","","","","","",""
600804,鹏博士,"","","","","","","","","",""
600805,悦达投资,"","","","","","","","","",""
600806,昆明机床,"","","","","","","","","",""
600807,天业股份,"","","","","","","","","",""
600808,马钢股份,"","","","","","","","","",""
600809,山西汾酒,"","","","","","","","","",""
600810,神马股份,"","","","","","","","","",""
600811,东方集团,"","","","","","","","","",""
600812,华北制药,"","","","","","","","","",""
600813,ST鞍一工,"","","","","","","","","",""
600814,杭州解百,"","","","","","","","","",""
600815,厦工股份,"","","","","","","","","",""
600816,安信信托,"","","","","","","","","",""
600817,ST宏盛,"","","","","","","","","",""
600818,中路股份,"","","","","","","","","",""
600819,耀皮玻璃,"","","","","","","","","",""
600820,隧道股份,"","","","","","","","","",""
600821,津劝业,"","","","","","","","","",""
600822,上海物贸,"","","","","","","","","",""
600823,世茂股份,"","","","","","","","","",""
600824,益民集团,"","","","","","","","","",""
600825,新华传媒,"","","","","","","","","",""
600826,兰生股份,"","","","","","","","","",""
600827,友谊股份,"","","","","","","","","",""
600828,成商集团,"","","","","","","","","",""
600829,三精制药,"","","","","","","","","",""
600830,香溢融通,"","","","","","","","","",""
600831,广电网络,"","","","","","","","","",""
600832,东方明珠,"","","","","","","","","",""
600833,第一医药,"","","","","","","","","",""
600834,申通地铁,"","","","","","","","","",""
600835,上海机电,"","","","","","","","","",""
600836,界龙实业,"","","","","","","","","",""
600837,海通证券,"","","","","","","","","",""
600838,上海九百,"","","","","","","","","",""
600839,四川长虹,"","","","","","","","","",""
600840,新湖创业,"","","","","","","","","",""
600841,上柴股份,"","","","","","","","","",""
600842,中西药业,"","","","","","","","","",""
600843,上工申贝,"","","","","","","","","",""
600844,丹化科技,"","","","","","","","","",""
600845,宝信软件,"","","","","","","","","",""
600846,同济科技,"","","","","","","","","",""
600847,万里股份,"","","","","","","","","",""
600848,自仪股份,"","","","","","","","","",""
600850,华东电脑,"","","","","","","","","",""
600851,海欣股份,"","","","","","","","","",""
600852,*ST中川,"","","","","","","","","",""
600853,龙建股份,"","","","","","","","","",""
600854,春兰股份,"","","","","","","","","",""
600855,航天长峰,"","","","","","","","","",""
600856,长百集团,"","","","","","","","","",""
600857,工大首创,"","","","","","","","","",""
600858,银座股份,"","","","","","","","","",""
600859,王府井,"","","","","","","","","",""
600860,北人股份,"","","","","","","","","",""
600861,北京城乡,"","","","","","","","","",""
600862,南通科技,"","","","","","","","","",""
600863,内蒙华电,"","","","","","","","","",""
600864,哈投股份,"","","","","","","","","",""
600865,百大集团,"","","","","","","","","",""
600866,星湖科技,"","","","","","","","","",""
600867,通化东宝,"","","","","","","","","",""
600868,梅雁吉祥,"","","","","","","","","",""
600869,远东电缆,"","","","","","","","","",""
600870,厦华电子,"","","","","","","","","",""
600871,仪征化纤,"","","","","","","","","",""
600872,中炬高新,"","","","","","","","","",""
600873,梅花集团,"","","","","","","","","",""
600874,创业环保,"","","","","","","","","",""
600875,东方电气,"","","","","","","","","",""
600876,洛阳玻璃,"","","","","","","","","",""
600877,中国嘉陵,"","","","","","","","","",""
600878,*ST北科,"","","","","","","","","",""
600879,航天电子,"","","","","","","","","",""
600880,博瑞传播,"","","","","","","","","",""
600881,亚泰集团,"","","","","","","","","",""
600882,华联矿业,"","","","","","","","","",""
600883,博闻科技,"","","","","","","","","",""
600884,杉杉股份,"","","","","","","","","",""
600885,宏发股份,"","","","","","","","","",""
600886,国投电力,"","","","","","","","","",""
600887,伊利股份,"","","","","","","","","",""
600888,新疆众和,"","","","","","","","","",""
600889,南京化纤,"","","","","","","","","",""
600890,中房股份,"","","","","","","","","",""
600891,秋林集团,"","","","","","","","","",""
600892,宝诚股份,"","","","","","","","","",""
600893,航空动力,"","","","","","","","","",""
600894,广日股份,"","","","","","","","","",""
600895,张江高科,"","","","","","","","","",""
600896,中海海盛,"","","","","","","","","",""
600897,厦门空港,"","","","","","","","","",""
600898,三联商社,"","","","","","","","","",""
600899,*ST信联,"","","","","","","","","",""
600900,长江电力,"","","","","","","","","",""
600960,渤海活塞,"","","","","","","","","",""
600961,*ST株冶,"","","","","","","","","",""
600962,国投中鲁,"","","","","","","","","",""
600963,岳阳林纸,"","","","","","","","","",""
600965,福成五丰,"","","","","","","","","",""
600966,博汇纸业,"","","","","","","","","",""
600967,北方创业,"","","","","","","","","",""
600969,郴电国际,"","","","","","","","","",""
600970,中材国际,"","","","","","","","","",""
600971,恒源煤电,"","","","","","","","","",""
600973,宝胜股份,"","","","","","","","","",""
600975,新五丰,"","","","","","","","","",""
600976,武汉健民,"","","","","","","","","",""
600978,宜华木业,"","","","","","","","","",""
600979,广安爱众,"","","","","","","","","",""
600980,*ST北磁,"","","","","","","","","",""
600981,汇鸿股份,"","","","","","","","","",""
600982,宁波热电,"","","","","","","","","",""
600983,合肥三洋,"","","","","","","","","",""
600984,建设机械,"","","","","","","","","",""
600985,雷鸣科化,"","","","","","","","","",""
600986,科达股份,"","","","","","","","","",""
600987,航民股份,"","","","","","","","","",""
600988,赤峰黄金,"","","","","","","","","",""
600990,四创电子,"","","","","","","","","",""
600991,广汽长丰,"","","","","","","","","",""
600992,贵绳股份,"","","","","","","","","",""
600993,马应龙,"","","","","","","","","",""
600995,文山电力,"","","","","","","","","",""
600997,开滦股份,"","","","","","","","","",""
600998,九州通,"","","","","","","","","",""
600999,招商证券,"","","","","","","","","",""
601000,唐山港,"","","","","","","","","",""
601001,大同煤业,"","","","","","","","","",""
601002,晋亿实业,"","","","","","","","","",""
601003,柳钢股份,"","","","","","","","","",""
601005,重庆钢铁,"","","","","","","","","",""
601006,大秦铁路,"","","","","","","","","",""
601007,金陵饭店,"","","","","","","","","",""
601008,连云港,"","","","","","","","","",""
601009,南京银行,"","","","","","","","","",""
601010,文峰股份,"","","","","","","","","",""
601011,宝泰隆,"","","","","","","","","",""
601012,隆基股份,"","","","","","","","","",""
601018,宁波港,"","","","","","","","","",""
601028,玉龙股份,"","","","","","","","","",""
601038,一拖股份,"","","","","","","","","",""
601058,赛轮股份,"","","","","","","","","",""
601088,中国神华,"","","","","","","","","",""
601098,中南传媒,"","","","","","","","","",""
601099,太平洋,"","","","","","","","","",""
601100,恒立油缸,"","","","","","","","","",""
601101,昊华能源,"","","","","","","","","",""
601106,中国一重,"","","","","","","","","",""
601107,四川成渝,"","","","","","","","","",""
601111,中国国航,"","","","","","","","","",""
601113,华鼎锦纶,"","","","","","","","","",""
601116,三江购物,"","","","","","","","","",""
601117,中国化学,"","","","","","","","","",""
601118,海南橡胶,"","","","","","","","","",""
601126,四方股份,"","","","","","","","","",""
601137,博威合金,"","","","","","","","","",""
601139,深圳燃气,"","","","","","","","","",""
601158,重庆水务,"","","","","","","","","",""
601166,兴业银行,"","","","","","","","","",""
601168,西部矿业,"","","","","","","","","",""
601169,北京银行,"","","","","","","","","",""
601177,杭齿前进,"","","","","","","","","",""
601179,中国西电,"","","","","","","","","",""
601186,中国铁建,"","","","","","","","","",""
601188,龙江交通,"","","","","","","","","",""
601199,江南水务,"","","","","","","","","",""
601208,东材科技,"","","","","","","","","",""
601216,内蒙君正,"","","","","","","","","",""
601218,吉鑫科技,"","","","","","","","","",""
601222,林洋电子,"","","","","","","","","",""
601231,环旭电子,"","","","","","","","","",""
601233,桐昆股份,"","","","","","","","","",""
601238,广汽集团,"","","","","","","","","",""
601258,庞大集团,"","","","","","","","","",""
601268,*ST二重,"","","","","","","","","",""
601288,农业银行,"","","","","","","","","",""
601299,中国北车,"","","","","","","","","",""
601311,骆驼股份,"","","","","","","","","",""
601313,江南嘉捷,"","","","","","","","","",""
601318,中国平安,"","","","","","","","","",""
601328,交通银行,"","","","","","","","","",""
601333,广深铁路,"","","","","","","","","",""
601336,新华保险,"","","","","","","","","",""
601339,百隆东方,"","","","","","","","","",""
601369,陕鼓动力,"","","","","","","","","",""
601377,兴业证券,"","","","","","","","","",""
601388,怡球资源,"","","","","","","","","",""
601390,中国中铁,"","","","","","","","","",""
601398,工商银行,"","","","","","","","","",""
601515,东风股份,"","","","","","","","","",""
601518,吉林高速,"","","","","","","","","",""
601519,大智慧,"","","","","","","","","",""
601555,东吴证券,"","","","","","","","","",""
601558,华锐风电,"","","","","","","","","",""
601566,九牧王,"","","","","","","","","",""
601567,三星电气,"","","","","","","","","",""
601588,北辰实业,"","","","","","","","","",""
601599,鹿港科技,"","","","","","","","","",""
601600,中国铝业,"","","","","","","","","",""
601601,中国太保,"","","","","","","","","",""
601607,上海医药,"","","","","","","","","",""
601608,中信重工,"","","","","","","","","",""
601616,广电电气,"","","","","","","","","",""
601618,中国中冶,"","","","","","","","","",""
601628,中国人寿,"","","","","","","","","",""
601633,长城汽车,"","","","","","","","","",""
601636,旗滨集团,"","","","","","","","","",""
601666,平煤股份,"","","","","","","","","",""
601668,中国建筑,"","","","","","","","","",""
601669,中国水电,"","","","","","","","","",""
601677,明泰铝业,"","","","","","","","","",""
601678,滨化股份,"","","","","","","","","",""
601688,华泰证券,"","","","","","","","","",""
601699,潞安环能,"","","","","","","","","",""
601700,风范股份,"","","","","","","","","",""
601717,郑煤机,"","","","","","","","","",""
601718,际华集团,"","","","","","","","","",""
601727,上海电气,"","","","","","","","","",""
601766,中国南车,"","","","","","","","","",""
601777,力帆股份,"","","","","","","","","",""
601788,光大证券,"","","","","","","","","",""
601789,宁波建工,"","","","","","","","","",""
601798,蓝科高新,"","","","","","","","","",""
601799,星宇股份,"","","","","","","","","",""
601800,中国交建,"","","","","","","","","",""
601801,皖新传媒,"","","","","","","","","",""
601808,中海油服,"","","","","","","","","",""
601818,光大银行,"","","","","","","","","",""
601857,中国石油,"","","","","","","","","",""
601866,中海集运,"","","","","","","","","",""
601872,招商轮船,"","","","","","","","","",""
601877,正泰电器,"","","","","","","","","",""
601880,大连港,"","","","","","","","","",""
601886,江河创建,"","","","","","","","","",""
601888,中国国旅,"","","","","","","","","",""
601890,亚星锚链,"","","","","","","","","",""
601898,中煤能源,"","","","","","","","","",""
601899,紫金矿业,"","","","","","","","","",""
601901,方正证券,"","","","","","","","","",""
601908,京运通,"","","","","","","","","",""
601918,国投新集,"","","","","","","","","",""
601919,*ST远洋,"","","","","","","","","",""
601928,凤凰传媒,"","","","","","","","","",""
601929,吉视传媒,"","","","","","","","","",""
601933,永辉超市,"","","","","","","","","",""
601939,建设银行,"","","","","","","","","",""
601958,金钼股份,"","","","","","","","","",""
601965,中国汽研,"","","","","","","","","",""
601988,中国银行,"","","","","","","","","",""
601989,中国重工,"","","","","","","","","",""
601991,大唐发电,"","","","","","","","","",""
601992,金隅股份,"","","","","","","","","",""
601996,丰林集团,"","","","","","","","","",""
601998,中信银行,"","","","","","","","","",""
601999,出版传媒,"","","","","","","","","",""
603000,人民网,"","","","","","","","","",""
603001,奥康国际,"","","","","","","","","",""
603002,宏昌电子,"","","","","","","","","",""
603003,龙宇燃油,"","","","","","","","","",""
603008,喜临门,"","","","","","","","","",""
603077,和邦股份,"","","","","","","","","",""
603123,翠微股份,"","","","","","","","","",""
603128,华贸物流,"","","","","","","","","",""
603167,渤海轮渡,"","","","","","","","","",""
603333,明星电缆,"","","","","","","","","",""
603366,日出东方,"","","","","","","","","",""
603399,新华龙,"","","","","","","","","",""
603766,隆鑫通用,"","","","","","","","","",""
603993,洛阳钼业,"","","","","","","","","",""
900929,锦旅B股,
900935,阳晨B股,
900939,汇丽B,
900948,伊泰B股,
900950,新城B股,
900951,大化B股,
900953,凯马B,
900956,东贝B股,
900957,凌云B股,
